m,ra_sun_0,dec_sun_0,rho_0
36.30000000000003,2.9787281531099743,0.07017829714808059,28384.068277993847
