m,ra_sun_0,dec_sun_0,rho_0
4.800000000000002,2.9787281531099743,0.07017829714808059,4432.718441281157
