m,ra_sun_0,dec_sun_0,rho_0
10.800000000000008,2.9787281531099743,0.07017829714808059,45103.51509327955
