m,ra_sun_0,dec_sun_0,rho_0
27.900000000000023,2.9787281531099743,0.07017829714808059,36937.01034164452
