m,ra_sun_0,dec_sun_0,rho_0
4.200000000000001,2.9787281531099743,0.07017829714808059,2001.388454557804
