m,ra_sun_0,dec_sun_0,rho_0
29.900000000000023,2.9787281531099743,0.07017829714808059,34947.93719101257
