m,ra_sun_0,dec_sun_0,rho_0
19.000000000000014,2.9787281531099743,0.07017829714808059,60499.021012698664
