m,ra_sun_0,dec_sun_0,rho_0
39.10000000000003,2.9787281531099743,0.07017829714808059,25744.939936243318
