m,ra_sun_0,dec_sun_0,rho_0
31.200000000000024,2.9787281531099743,0.07017829714808059,33593.26298888533
