m,ra_sun_0,dec_sun_0,rho_0
7.300000000000004,2.9787281531099743,0.07017829714808059,25035.390644927724
