m,ra_sun_0,dec_sun_0,rho_0
19.700000000000014,2.9787281531099743,0.07017829714808059,59276.37567608195
