m,ra_sun_0,dec_sun_0,rho_0
3.8000000000000007,2.9787281531099743,0.07017829714808059,1107.8786943843324
