m,ra_sun_0,dec_sun_0,rho_0
25.90000000000002,2.9787281531099743,0.07017829714808059,40959.320659722696
