m,ra_sun_0,dec_sun_0,rho_0
13.500000000000009,2.9787281531099743,0.07017829714808059,54899.01271971642
