m,ra_sun_0,dec_sun_0,rho_0
3.4000000000000004,2.9787281531099743,0.07017829714808059,514.4089347611089
