m,ra_sun_0,dec_sun_0,rho_0
38.400000000000034,2.9787281531099743,0.07017829714808059,26372.582832620217
