m,ra_sun_0,dec_sun_0,rho_0
16.400000000000013,2.9787281531099743,0.07017829714808059,59458.07386459989
