m,ra_sun_0,dec_sun_0,rho_0
29.100000000000023,2.9787281531099743,0.07017829714808059,35753.32779485281
