m,ra_sun_0,dec_sun_0,rho_0
10.700000000000006,2.9787281531099743,0.07017829714808059,44592.256855395026
