m,ra_sun_0,dec_sun_0,rho_0
37.900000000000034,2.9787281531099743,0.07017829714808059,26827.510868701003
