m,ra_sun_0,dec_sun_0,rho_0
20.300000000000015,2.9787281531099743,0.07017829714808059,54735.15001715794
