m,ra_sun_0,dec_sun_0,rho_0
24.200000000000017,2.9787281531099743,0.07017829714808059,42034.19922838095
