m,ra_sun_0,dec_sun_0,rho_0
15.10000000000001,2.9787281531099743,0.07017829714808059,57674.89895594179
