m,ra_sun_0,dec_sun_0,rho_0
3.7000000000000006,2.9787281531099743,0.07017829714808059,938.7052525265735
