m,ra_sun_0,dec_sun_0,rho_0
29.500000000000025,2.9787281531099743,0.07017829714808059,35356.25002693959
