m,ra_sun_0,dec_sun_0,rho_0
26.70000000000002,2.9787281531099743,0.07017829714808059,39129.87458405756
