m,ra_sun_0,dec_sun_0,rho_0
12.200000000000008,2.9787281531099743,0.07017829714808059,51058.76842753364
