m,ra_sun_0,dec_sun_0,rho_0
39.400000000000034,2.9787281531099743,0.07017829714808059,25437.557962936127
