m,ra_sun_0,dec_sun_0,rho_0
37.10000000000003,2.9787281531099743,0.07017829714808059,27579.655488502405
