m,ra_sun_0,dec_sun_0,rho_0
11.300000000000008,2.9787281531099743,0.07017829714808059,47515.13898164928
