m,ra_sun_0,dec_sun_0,rho_0
24.60000000000002,2.9787281531099743,0.07017829714808059,41806.6836478762
