m,ra_sun_0,dec_sun_0,rho_0
27.20000000000002,2.9787281531099743,0.07017829714808059,38069.3034804445
