m,ra_sun_0,dec_sun_0,rho_0
9.200000000000006,2.9787281531099743,0.07017829714808059,37044.98600032023
