m,ra_sun_0,dec_sun_0,rho_0
28.100000000000023,2.9787281531099743,0.07017829714808059,36697.88192462897
