m,ra_sun_0,dec_sun_0,rho_0
18.500000000000014,2.9787281531099743,0.07017829714808059,60655.15738640388
