m,ra_sun_0,dec_sun_0,rho_0
7.900000000000004,2.9787281531099743,0.07017829714808059,29263.27509565996
