m,ra_sun_0,dec_sun_0,rho_0
18.800000000000015,2.9787281531099743,0.07017829714808059,60656.228355444786
