m,ra_sun_0,dec_sun_0,rho_0
11.100000000000007,2.9787281531099743,0.07017829714808059,46587.39135573252
