m,ra_sun_0,dec_sun_0,rho_0
15.400000000000011,2.9787281531099743,0.07017829714808059,58049.88010950534
