m,ra_sun_0,dec_sun_0,rho_0
28.50000000000002,2.9787281531099743,0.07017829714808059,36311.22110710469
