m,ra_sun_0,dec_sun_0,rho_0
33.800000000000026,2.9787281531099743,0.07017829714808059,30865.14951604871
