m,ra_sun_0,dec_sun_0,rho_0
11.000000000000007,2.9787281531099743,0.07017829714808059,46022.242686331425
