m,ra_sun_0,dec_sun_0,rho_0
13.600000000000009,2.9787281531099743,0.07017829714808059,55133.91796641554
