m,ra_sun_0,dec_sun_0,rho_0
7.5000000000000036,2.9787281531099743,0.07017829714808059,26399.355593669286
