m,ra_sun_0,dec_sun_0,rho_0
31.000000000000025,2.9787281531099743,0.07017829714808059,33741.12333737182
