m,ra_sun_0,dec_sun_0,rho_0
30.700000000000024,2.9787281531099743,0.07017829714808059,34112.654258932474
