m,ra_sun_0,dec_sun_0,rho_0
15.900000000000011,2.9787281531099743,0.07017829714808059,58866.07304097698
