m,ra_sun_0,dec_sun_0,rho_0
25.20000000000002,2.9787281531099743,0.07017829714808059,41665.31861259571
