m,ra_sun_0,dec_sun_0,rho_0
9.300000000000006,2.9787281531099743,0.07017829714808059,37524.50615369541
