m,ra_sun_0,dec_sun_0,rho_0
3.2,2.9787281531099743,0.07017829714808059,296.5134482379209
