m,ra_sun_0,dec_sun_0,rho_0
23.90000000000002,2.9787281531099743,0.07017829714808059,42581.344255517695
