m,ra_sun_0,dec_sun_0,rho_0
8.100000000000005,2.9787281531099743,0.07017829714808059,30742.045848228936
