m,ra_sun_0,dec_sun_0,rho_0
24.500000000000018,2.9787281531099743,0.07017829714808059,41908.38327202776
