m,ra_sun_0,dec_sun_0,rho_0
14.800000000000011,2.9787281531099743,0.07017829714808059,57185.884646613114
