m,ra_sun_0,dec_sun_0,rho_0
27.300000000000022,2.9787281531099743,0.07017829714808059,37892.16277057392
