m,ra_sun_0,dec_sun_0,rho_0
15.50000000000001,2.9787281531099743,0.07017829714808059,58300.98329758368
