m,ra_sun_0,dec_sun_0,rho_0
16.500000000000014,2.9787281531099743,0.07017829714808059,59556.51698847296
