m,ra_sun_0,dec_sun_0,rho_0
31.900000000000027,2.9787281531099743,0.07017829714808059,32873.8756520106
