m,ra_sun_0,dec_sun_0,rho_0
32.40000000000003,2.9787281531099743,0.07017829714808059,32361.176366475847
