m,ra_sun_0,dec_sun_0,rho_0
22.700000000000017,2.9787281531099743,0.07017829714808059,48767.79976966698
