m,ra_sun_0,dec_sun_0,rho_0
6.5000000000000036,2.9787281531099743,0.07017829714808059,18576.885690827872
