m,ra_sun_0,dec_sun_0,rho_0
15.700000000000012,2.9787281531099743,0.07017829714808059,58590.68965704859
