m,ra_sun_0,dec_sun_0,rho_0
17.100000000000012,2.9787281531099743,0.07017829714808059,60096.70080352095
