m,ra_sun_0,dec_sun_0,rho_0
38.10000000000003,2.9787281531099743,0.07017829714808059,26644.7669321942
