m,ra_sun_0,dec_sun_0,rho_0
14.30000000000001,2.9787281531099743,0.07017829714808059,56399.380990499594
