m,ra_sun_0,dec_sun_0,rho_0
31.500000000000025,2.9787281531099743,0.07017829714808059,33283.03250435415
