m,ra_sun_0,dec_sun_0,rho_0
21.700000000000017,2.9787281531099743,0.07017829714808059,51864.13796790743
