m,ra_sun_0,dec_sun_0,rho_0
31.600000000000026,2.9787281531099743,0.07017829714808059,33183.82931743845
