m,ra_sun_0,dec_sun_0,rho_0
7.600000000000004,2.9787281531099743,0.07017829714808059,27088.52462055261
