m,ra_sun_0,dec_sun_0,rho_0
11.700000000000008,2.9787281531099743,0.07017829714808059,49252.986272286355
