m,ra_sun_0,dec_sun_0,rho_0
6.100000000000003,2.9787281531099743,0.07017829714808059,14719.48059796382
