m,ra_sun_0,dec_sun_0,rho_0
21.000000000000014,2.9787281531099743,0.07017829714808059,52465.37523903646
