m,ra_sun_0,dec_sun_0,rho_0
16.600000000000012,2.9787281531099743,0.07017829714808059,59555.51244883283
