m,ra_sun_0,dec_sun_0,rho_0
17.900000000000013,2.9787281531099743,0.07017829714808059,60535.32770366637
