m,ra_sun_0,dec_sun_0,rho_0
27.800000000000022,2.9787281531099743,0.07017829714808059,37012.83840556551
