m,ra_sun_0,dec_sun_0,rho_0
33.00000000000003,2.9787281531099743,0.07017829714808059,31684.428169596984
