m,ra_sun_0,dec_sun_0,rho_0
39.900000000000034,2.9787281531099743,0.07017829714808059,25045.304542931204
