m,ra_sun_0,dec_sun_0,rho_0
33.300000000000026,2.9787281531099743,0.07017829714808059,31429.943516787083
