m,ra_sun_0,dec_sun_0,rho_0
34.800000000000026,2.9787281531099743,0.07017829714808059,29917.14632788573
