m,ra_sun_0,dec_sun_0,rho_0
29.400000000000023,2.9787281531099743,0.07017829714808059,35397.50450204376
