m,ra_sun_0,dec_sun_0,rho_0
19.300000000000015,2.9787281531099743,0.07017829714808059,60372.199421768426
