m,ra_sun_0,dec_sun_0,rho_0
5.000000000000002,2.9787281531099743,0.07017829714808059,5616.711865317205
