m,ra_sun_0,dec_sun_0,rho_0
30.200000000000024,2.9787281531099743,0.07017829714808059,34579.33556212314
