m,ra_sun_0,dec_sun_0,rho_0
25.70000000000002,2.9787281531099743,0.07017829714808059,41230.25896029308
