m,ra_sun_0,dec_sun_0,rho_0
6.800000000000003,2.9787281531099743,0.07017829714808059,21331.887761538947
