m,ra_sun_0,dec_sun_0,rho_0
20.600000000000016,2.9787281531099743,0.07017829714808059,52919.63370513746
