m,ra_sun_0,dec_sun_0,rho_0
18.100000000000016,2.9787281531099743,0.07017829714808059,60588.95209155874
