m,ra_sun_0,dec_sun_0,rho_0
15.00000000000001,2.9787281531099743,0.07052736299847946,57858.124175468954
